Country,Year,Total Exported Value(Crops),Predicted Scaled Value,Mean Error
Afghanistan,2019,-0.28961878974638755,0.077576995,0.3671957846423226
Afghanistan,2020,-0.27079242224253514,-0.3621608,0.09136837964497707
Afghanistan,2021,-0.2660349166028994,-0.07019116,0.1958437567585009
Albania,2019,-0.37588821245981263,-0.036931932,0.33895628048730897
Albania,2020,-0.37045004129262127,-0.3574556,0.012994430063678397
Albania,2021,-0.370598074602032,-0.106297426,0.2643006486763003
Algeria,2019,-0.32307366941705806,0.051583983,0.37465765242115123
Algeria,2020,-0.3055325885889267,-0.26635695,0.03917564355108488
Algeria,2021,-0.30011189981229175,-0.18186274,0.11824915810353626
Angola,2019,-0.3813166238656778,0.02581092,0.40712754356773084
Angola,2020,-0.38693184079787296,-0.2461702,0.14076164784094852
Angola,2021,-0.3875609827904779,-0.1948,0.1927609784274179
Antigua and Barbuda,2019,-0.38981262780387577,0.05334213,0.44315475783903774
Antigua and Barbuda,2020,-0.38982679365443723,-0.32766178,0.06216501115130918
Antigua and Barbuda,2021,-0.3898506234817762,-0.20111203,0.18873859154513067
Argentina,2019,2.5270563646299267,0.06561346,2.461442901108923
Argentina,2020,2.5520559316911675,-0.19681147,2.7488673991003014
Argentina,2021,3.32221210093544,-0.14899613,3.471208230567436
Armenia,2019,-0.3234290369340881,0.03833782,0.3617668562123283
Armenia,2020,-0.3229315850122903,-0.43611783,0.11318624288001317
Armenia,2021,-0.31741416068333084,-0.10153349,0.21588067324417526
Australia,2019,1.2307061237012316,0.04365219,1.1870539319430757
Australia,2020,1.273587968125757,-0.29072708,1.5643150470403993
Australia,2021,2.551859845326254,-0.1193508,2.671210643754313
Austria,2019,0.21969637850914256,0.10385406,0.11584231833610789
Austria,2020,0.26072571897600677,-0.29888827,0.5596139850625852
Austria,2021,0.3421832338470725,-0.050740674,0.39292390798514165
Azerbaijan,2019,-0.27133235632207187,-0.024365589,0.24696676729943545
Azerbaijan,2020,-0.2699694328488403,-0.231746,0.03822342981710963
Azerbaijan,2021,-0.26178075192436157,-0.28890586,0.027125107069168708
Bahamas,2019,-0.3896649365821387,0.19345547,0.5831204091706779
Bahamas,2020,-0.38983473521977846,-0.44277126,0.05293652075022276
Bahamas,2021,-0.38983171458562116,-0.13825125,0.2515804695638011
Bahrain,2019,-0.34900256553575265,0.1483378,0.4973403618662046
Bahrain,2020,-0.34851271480206103,-0.21526554,0.13324717253330798
Bahrain,2021,-0.35716296436182116,-0.099309504,0.25785346032968615
Bangladesh,2019,-0.32371978922090094,0.14504036,0.46876015229424994
Bangladesh,2020,-0.32005334998033214,-0.22652829,0.09352506304643321
Bangladesh,2021,-0.2972184914815736,-0.023972183,0.27324630801561595
Barbados,2019,-0.3843556469459547,0.082347415,0.46670306233358516
Barbados,2020,-0.38478637124615117,-0.28171897,0.1030674019010584
Barbados,2021,-0.3845239814483517,-0.17523102,0.20929295682543453
Belarus,2019,-0.20054059803443236,0.16200025,0.3625408518310098
Belarus,2020,-0.1934218390699189,-0.30975938,0.11633753936330865
Belarus,2021,-0.1309338382896996,-0.24515197,0.11421812852052685
Belgium,2019,2.849459057975592,0.016057793,2.8334012649245874
Belgium,2020,2.9259902811488967,-0.28563672,3.211627004190431
Belgium,2021,3.309003750351391,-0.15230319,3.4613069393906213
Belize,2019,-0.36243275997609464,0.15184733,0.5142800926920827
Belize,2020,-0.36501321281954857,-0.394377,0.029363780359772718
Belize,2021,-0.36168138492641766,-0.19019537,0.1714860181861909
Benin,2019,-0.36060213594603324,0.032368198,0.39297033398318076
Benin,2020,-0.36594527344707595,-0.31705344,0.048891836214104756
Benin,2021,-0.36927177503512987,-0.13435197,0.23491980626987108
Bhutan,2019,-0.38607077875655116,-0.029917926,0.356152853160314
Bhutan,2020,-0.3870211188389143,-0.35729992,0.029721194942124773
Bhutan,2021,-0.38649417211790366,0.02098827,0.4074824427582769
Bolivia (Plurinational State of),2019,-0.27474508966043415,0.03778404,0.3125291296346468
Bolivia (Plurinational State of),2020,-0.26806876294674414,-0.35263598,0.08456721670566064
Bolivia (Plurinational State of),2021,-0.20327853435927862,-0.17086716,0.032411374396624504
Bosnia and Herzegovina,2019,-0.3492969148744528,0.13024773,0.47954464191092894
Bosnia and Herzegovina,2020,-0.34826252898201526,-0.12867561,0.21958691915497364
Bosnia and Herzegovina,2021,-0.3453779157253839,-0.15499046,0.19038745127645507
Botswana,2019,-0.38729376100428975,0.12210026,0.5093940173877087
Botswana,2020,-0.3870924937215606,-0.16492148,0.22217101628454128
Botswana,2021,-0.38599390994586763,-0.07939645,0.306597460916422
Brazil,2019,3.0315642158596767,0.11564633,2.9159178833573116
Brazil,2020,3.3252356069188456,-0.31142592,3.636661531219993
Brazil,2021,3.4604284297252126,-0.14148039,3.601908815982384
Brunei Darussalam,2019,-0.38948007582423266,-0.0041697025,0.38531037329432544
Brunei Darussalam,2020,-0.38971481125450286,-0.30588335,0.0838314632663742
Brunei Darussalam,2021,-0.38946963701887455,-0.2559669,0.13350273523969974
Bulgaria,2019,0.11118852373490447,0.105054006,0.00613451775441283
Bulgaria,2020,0.10478818993535238,-0.21102193,0.3158101199146767
Bulgaria,2021,0.3008157345835959,-0.21108247,0.5118982079808508
Burkina Faso,2019,-0.3494559993261573,0.10721672,0.456672722589421
Burkina Faso,2020,-0.3538224833609879,-0.2706561,0.08316637450478676
Burkina Faso,2021,-0.34711492233226515,-0.10294752,0.2441674041027806
Burundi,2019,-0.3872629987702464,0.07638197,0.46364496524191845
Burundi,2020,-0.38678524254625285,-0.31000483,0.07678041218584025
Burundi,2021,-0.38775502005022666,-0.114519164,0.27323585608404777
Cabo Verde,2019,-0.38980389088469347,-0.009657882,0.3801460087307056
Cabo Verde,2020,-0.3897736742804894,-0.24588501,0.14388865974649284
Cabo Verde,2021,-0.38980477689176796,-0.2582085,0.13159626363188026
Cambodia,2019,-0.27497437734450314,-0.009893611,0.2650807662710092
Cambodia,2020,-0.2578292903655118,-0.29969442,0.04186512854165375
Cambodia,2021,-0.24500464584136886,-0.11295104,0.13205360557342452
Cameroon,2019,-0.3747879490336425,0.1943613,0.5691492483099945
Cameroon,2020,-0.3738555651332637,-0.21840239,0.15545317942159376
Cameroon,2021,-0.3675472152882505,-0.21325557,0.154291645949452
Canada,2019,3.532956719117867,0.08690701,3.4460497123176923
Canada,2020,3.9935996822591373,-0.2333258,4.226925476598318
Canada,2021,4.673107071995999,-0.15285715,4.825964226603772
Central African Republic,2019,-0.3898544155236374,0.19894822,0.5888026349421631
Central African Republic,2020,-0.3898169979739053,-0.17190439,0.21791261288403102
Central African Republic,2021,-0.38985142567737063,-0.17979756,0.21005386570079287
Chad,2019,-0.38983965957183914,0.11541647,0.505256126761628
Chad,2020,-0.38971631815070484,-0.36575305,0.023963263531869394
Chad,2021,-0.3894932752771163,-0.13890232,0.25059095381925345
Chile,2019,0.9746387988364531,0.058981404,0.9156573951279952
Chile,2020,0.9523526164677286,-0.22155961,1.1739122304108287
Chile,2021,1.0141508692926597,-0.27394345,1.2880943233198356
"China, Hong Kong SAR",2019,0.5003928271143585,-0.004776232,0.5051690590589195
"China, Hong Kong SAR",2020,0.31453660605146255,-0.32635325,0.640889857985514
"China, Hong Kong SAR",2021,0.39931225675652576,0.043774545,0.35553771156380726
"China, Taiwan Province of",2019,-0.1554126726525193,0.05534914,0.21076181401184851
"China, Taiwan Province of",2020,-0.16876572803291565,-0.24196856,0.07320282920566315
"China, Taiwan Province of",2021,-0.13063935211592997,-0.14018583,0.009546480861364948
"China, mainland",2019,5.065761803354563,0.119650245,4.946111558641733
"China, mainland",2020,4.836202209187813,-0.40355945,5.239761655522652
"China, mainland",2021,5.042384532351073,-0.14249614,5.184880671162184
Colombia,2019,0.04400802594609127,0.0854949,0.04148687231354847
Colombia,2020,0.08114331913879477,-0.24061897,0.321762293109208
Colombia,2021,0.13044180468227012,-0.11294382,0.24338562533761604
Comoros,2019,-0.38984230904087075,0.19255175,0.5823940560053253
Comoros,2020,-0.3898505670373101,-0.2002856,0.18956496840163656
Comoros,2021,-0.38984873686825655,-0.06765245,0.3221962878564539
Congo,2019,-0.38896711193687805,0.11673226,0.5056993740118254
Congo,2020,-0.3888670872115724,-0.22072645,0.16814064189430405
Congo,2021,-0.38886179853613945,-0.07437253,0.31448926855261894
Cook Islands,2019,-0.38968416875114525,0.02596689,0.41565105890741433
Cook Islands,2020,-0.38983351738766064,-0.25817248,0.13166103513553967
Cook Islands,2021,-0.38982668247594326,-0.20367835,0.18614832785500973
Costa Rica,2019,0.13252511177239412,0.031121515,0.10140359703478807
Costa Rica,2020,0.1485392004581859,-0.17305319,0.32159239057029987
Costa Rica,2021,0.21073205141454893,-0.24436195,0.45509400336176115
Croatia,2019,-0.2330741175800039,-0.07248242,0.1605916955857946
Croatia,2020,-0.20237315999116437,-0.29899305,0.09661989106092914
Croatia,2021,-0.15958349964246696,0.02985476,0.18943825921640342
Cyprus,2019,-0.36718844399886874,0.20288368,0.5700721196933344
Cyprus,2020,-0.3707661850370029,-0.20009413,0.17067205142150915
Cyprus,2021,-0.3685964563379117,-0.1394576,0.22913885800932132
Czechia,2019,0.18182766302786954,0.08760238,0.09422528609000333
Czechia,2020,0.2553680752471674,-0.21918616,0.47455423223531135
Czechia,2021,0.3002305234900274,-0.16620786,0.4664383883705892
Côte d'Ivoire,2019,-0.14917378028874237,0.070629,0.2198027809524997
Côte d'Ivoire,2020,-0.12411921579222633,-0.27197796,0.14785874527115866
Côte d'Ivoire,2021,-0.06055204984310265,-0.12237944,0.06182738724586372
Democratic People's Republic of Korea,2019,-0.3796456453111055,0.06538379,0.44502943723462846
Democratic People's Republic of Korea,2020,-0.38202798320974213,-0.20401612,0.17801186396802765
Democratic People's Republic of Korea,2021,-0.3817266364676796,-0.2174975,0.1642291386706673
Democratic Republic of the Congo,2019,-0.38864466693754984,0.09550632,0.4841509848510821
Democratic Republic of the Congo,2020,-0.38860725622957115,-0.23679294,0.15181431930845146
Democratic Republic of the Congo,2021,-0.3891406872224339,-0.15026368,0.23887700521464428
Denmark,2019,0.17398669540872538,0.08082513,0.0931615677474972
Denmark,2020,0.20602133652690047,-0.22547764,0.4314989723873436
Denmark,2021,0.25530442641462797,-0.16669016,0.4219945822783899
Djibouti,2019,-0.3653934826087742,0.1261586,0.49155207769391823
Djibouti,2020,-0.35675740916220566,-0.27723867,0.07951874215094468
Djibouti,2021,-0.32350026471903487,-0.27474356,0.04875670774271651
Dominica,2019,-0.3890353601381883,0.051763516,0.44079887605763524
Dominica,2020,-0.38919845385742674,-0.31052375,0.07867470545959959
Dominica,2021,-0.3891565207504038,-0.07686688,0.31228964069116155
Dominican Republic,2019,-0.09311643253858132,-0.038964003,0.05415242921407265
Dominican Republic,2020,-0.09624862148630926,-0.28071123,0.184462612129566
Dominican Republic,2021,-0.022007083475701104,-0.16760111,0.1455940250753243
Ecuador,2019,0.3384113170036818,0.16847748,0.16993384136052386
Ecuador,2020,0.41058939414054657,-0.28372034,0.694309738445585
Ecuador,2021,0.3999836021054158,-0.190692,0.590675594745911
Egypt,2019,0.2930658324135873,0.018710729,0.2743551036788556
Egypt,2020,0.26822860818914174,-0.21612501,0.48435361963323353
Egypt,2021,0.39101408725125286,-0.1667527,0.5577667832885453
El Salvador,2019,-0.2884223090307183,0.011581086,0.30000339465302894
El Salvador,2020,-0.28869611429418385,-0.33045697,0.041760857828008535
El Salvador,2021,-0.27654246276862715,-0.13824226,0.13830020314700697
Equatorial Guinea,2019,-0.38981565014847147,0.052723914,0.4425395645333134
Equatorial Guinea,2020,-0.3898159015829116,-0.36474824,0.02506766206569966
Equatorial Guinea,2021,-0.38977205107447843,-0.17079878,0.21897327254054288
Eritrea,2019,-0.3898161889365574,0.021428082,0.41124427107485734
Eritrea,2020,-0.3898332881889194,-0.21923158,0.1706017124614566
Eritrea,2021,-0.3898412006768085,-0.22775847,0.16208273347939028
Estonia,2019,-0.3058947482567149,0.076865815,0.3827605628829318
Estonia,2020,-0.2970713493105525,-0.19782153,0.09924982159105483
Estonia,2021,-0.30031441400459086,-0.28884122,0.011473196248319495
Eswatini,2019,-0.29957171942963007,-0.006677367,0.2928943526364744
Eswatini,2020,-0.3057787206700409,-0.37291676,0.0671380373904144
Eswatini,2021,-0.2951113614058641,-0.11533748,0.17977387782098325
Ethiopia,2019,-0.2901466737876237,-0.019402497,0.27074417727091915
Ethiopia,2020,-0.28881481700646494,-0.23401304,0.054801781113024695
Ethiopia,2021,-0.2718173562525527,-0.1765382,0.09527915706622764
Fiji,2019,-0.3662036146372589,0.041265786,0.40746940033138124
Fiji,2020,-0.36594809738082107,-0.31364834,0.05229975429457839
Fiji,2021,-0.365829911220927,-0.09630661,0.26952330409373737
Finland,2019,-0.3174547391231665,-0.03784044,0.27961429825383516
Finland,2020,-0.30945421839220516,-0.32914,0.019685789103674967
Finland,2021,-0.31176288771034416,-0.17761827,0.13414462255836662
France,2019,3.3317739115188907,0.18131506,3.150458847088654
France,2020,3.4395596825004993,-0.19164567,3.631205349457401
France,2021,3.8957765990116595,-0.24131629,4.1370928877213
French Polynesia,2019,-0.38797669628355935,0.22202808,0.6100047729322715
French Polynesia,2020,-0.3882061618532186,-0.21525793,0.1729482340778356
French Polynesia,2021,-0.38792229921215093,-0.20299488,0.1849274161516956
Gabon,2019,-0.38656986585742853,0.06142977,0.447999634658164
Gabon,2020,-0.3835348280985484,-0.24415812,0.1393767091353068
Gabon,2021,-0.3771071084702908,-0.14988784,0.2272192635501324
Gambia,2019,-0.38912254460266743,0.047410585,0.4365331295888773
Gambia,2020,-0.3893464905877141,-0.30445296,0.08489353486490525
Gambia,2021,-0.38846716790637853,-0.1692878,0.21917936711749914
Georgia,2019,-0.3487952963247913,0.051698845,0.40049414120465693
Georgia,2020,-0.34435588603971473,-0.24848211,0.09587377792356483
Georgia,2021,-0.3301332780019392,-0.055806346,0.27432693176427975
Germany,2019,3.916422387174265,0.16792023,3.748502155355112
Germany,2020,4.130373769417252,-0.24217786,4.37255162836596
Germany,2021,4.601435626703651,-0.15918982,4.760625446993263
Ghana,2019,-0.27674352308831374,0.028450966,0.3051944889696614
Ghana,2020,-0.2509368788415132,-0.14596191,0.10497496835529191
Ghana,2021,-0.23024827669612566,-0.3052473,0.07499903012760481
Greece,2019,0.29861602189991865,0.037217572,0.2613984495684901
Greece,2020,0.4146202491171106,-0.24523787,0.6598581211216196
Greece,2021,0.5367150223784476,-0.117725044,0.6544400668673545
Grenada,2019,-0.388626336169563,0.1873622,0.5759885302308423
Grenada,2020,-0.38901769986204165,-0.28983417,0.09918352832845706
Grenada,2021,-0.3887839291190109,-0.18064474,0.2081391934250793
Guatemala,2019,0.18719977364442295,0.054719556,0.13248021752140468
Guatemala,2020,0.19173267135936378,-0.19748513,0.38921780536491035
Guatemala,2021,0.2461931812164395,-0.15055417,0.396747346460542
Guinea,2019,-0.3789792687856738,-0.008687168,0.3702921004259173
Guinea,2020,-0.3798649799543128,-0.26115167,0.11871330854470585
Guinea,2021,-0.3737737377617521,-0.074898824,0.2988749136660261
Guinea-Bissau,2019,-0.3702606461626025,-0.032714516,0.3375461302381488
Guinea-Bissau,2020,-0.36964078329814243,-0.25918204,0.11045874737513828
Guinea-Bissau,2021,-0.3674627350268307,-0.017620713,0.3498420225081387
Guyana,2019,-0.35627239896909463,0.025543299,0.3818156975413965
Guyana,2020,-0.33951832504271645,-0.33208293,0.0074353978156961875
Guyana,2021,-0.3487034782827739,-0.12140456,0.22729891986259265
Haiti,2019,-0.38713260863259874,0.16799419,0.5551267949147567
Haiti,2020,-0.38627899383992986,-0.14262322,0.24365577792615728
Haiti,2021,-0.38619116967150113,-0.13337208,0.2528190863651886
Honduras,2019,-0.2339993364540604,0.1758098,0.4098091370789078
Honduras,2020,-0.15768287763264516,-0.2391111,0.08142821803424022
Honduras,2021,-0.21582022619556543,-0.1021723,0.1136479259760296
Hungary,2019,0.26148693075673646,0.08679875,0.17468818089263505
Hungary,2020,0.35561149549205906,-0.1914382,0.5470496935816587
Hungary,2021,0.43409062916473695,-0.26194048,0.6960311084433014
Iceland,2019,-0.38864923551843,0.20736487,0.5960141076163991
Iceland,2020,-0.3880734267045688,-0.14049883,0.2475745948363971
Iceland,2021,-0.3875592398537812,-0.16435258,0.22320665894882058
India,2019,2.320374518204005,0.054821525,2.2655529934349374
India,2020,2.783736267602157,-0.19899438,2.9827306508180613
India,2021,3.833993762367737,-0.13214685,3.9661406125960466
Indonesia,2019,3.1794968403158332,0.13527414,3.044222698288932
Indonesia,2020,3.7544887830213916,-0.26309156,4.017580347199859
Indonesia,2021,5.845008246112198,-0.11436458,5.959372825432152
Iran (Islamic Republic of),2019,0.007624225823312105,0.0912359,0.0836116726118037
Iran (Islamic Republic of),2020,-0.005870284520532689,-0.13730988,0.13143959454402726
Iran (Islamic Republic of),2021,-0.019960147147028245,-0.21568996,0.195729809994848
Iraq,2019,-0.3287468684994804,0.02472084,0.35346770865555877
Iraq,2020,-0.372784348371454,-0.2944916,0.07829275930208757
Iraq,2021,-0.3674139208262544,-0.15517336,0.21224055952483228
Ireland,2019,0.12810533731977897,0.07579617,0.05230916529695945
Ireland,2020,0.1541837086474282,-0.3923645,0.5465482106005533
Ireland,2021,0.11838440123410314,-0.050056785,0.16844118657918067
Israel,2019,-0.14877151255166957,0.13809043,0.2868619442418856
Israel,2020,-0.15080761838459808,-0.19101045,0.04020282697177094
Israel,2021,-0.12860972029222328,-0.28456002,0.15595030444608848
Italy,2019,2.9607439171974335,0.17977946,2.7809644621317062
Italy,2020,3.3375256043284462,-0.3106652,3.6481907945483254
Italy,2021,3.811091813634443,-0.18622562,3.997317436526823
Jamaica,2019,-0.36866146838983016,0.08218114,0.4508426091702791
Jamaica,2020,-0.36735795186198605,-0.34732103,0.02003691838420285
Jamaica,2021,-0.36524573494257095,-0.09805768,0.2671880551105893
Japan,2019,-0.11781530966609252,0.08141719,0.19923249771445525
Japan,2020,-0.1094833350569201,-0.23342435,0.123941015562396
Japan,2021,-0.06337630515061406,-0.13722111,0.07384480769671413
Jordan,2019,-0.2903280965644106,0.17693973,0.4672678224402651
Jordan,2020,-0.2960929375136984,-0.24678726,0.049305672570575554
Jordan,2021,-0.2628351106056189,-0.16529487,0.09754023987140414
Kazakhstan,2019,0.003779180897948127,0.06917041,0.06539122705293002
Kazakhstan,2020,0.017825760881548594,-0.30016136,0.3179871225758845
Kazakhstan,2021,0.07283965057416966,-0.13672137,0.20956102317853978
Kenya,2019,-0.2328068872416239,0.12269802,0.35550490370633414
Kenya,2020,-0.19433728278870388,-0.23527727,0.040939982521583596
Kenya,2021,-0.18991733558181356,-0.087023646,0.102893689942394
Kiribati,2019,-0.3894516432072461,0.107537106,0.49698874888675815
Kiribati,2020,-0.3893484695649056,-0.16947548,0.2198729886507897
Kiribati,2021,-0.38910290021801425,-0.13930172,0.2498011829366727
Kuwait,2019,-0.3553799640672321,0.14237061,0.4977505754964466
Kuwait,2020,-0.36112759800654076,-0.28192925,0.07919834347468041
Kuwait,2021,-0.36623061732777007,-0.065731496,0.3004991217089499
Kyrgyzstan,2019,-0.3594036437548436,0.05377216,0.41317580267560855
Kyrgyzstan,2020,-0.36335553634416207,-0.21230853,0.15104701030503853
Kyrgyzstan,2021,-0.35329196695510384,-0.07140793,0.2818840378922605
Lao People's Democratic Republic,2019,-0.25843307510931535,0.09838165,0.35681472853739304
Lao People's Democratic Republic,2020,-0.2509798570263788,-0.25143027,0.000450416029651457
Lao People's Democratic Republic,2021,-0.23638338821194144,-0.008836225,0.2275471635367629
Latvia,2019,-0.1988766630650583,0.104222596,0.3030992587567392
Latvia,2020,-0.16600583823161974,-0.24788411,0.08187827138465986
Latvia,2021,-0.16381591951803604,-0.27867758,0.11486166322274766
Lebanon,2019,-0.32220058128357276,0.09166406,0.413864642233852
Lebanon,2020,-0.3099373436822349,-0.2507869,0.059150443161910204
Lebanon,2021,-0.3066169278338934,-0.2532944,0.05332251951251277
Lesotho,2019,-0.3881622412168124,0.02116273,0.4093249709271529
Lesotho,2020,-0.38638883477102787,-0.21456148,0.17182735746752292
Lesotho,2021,-0.3880369259498017,-0.20797187,0.18006505505060127
Liberia,2019,-0.3849770680197677,0.13646677,0.5214438393839798
Liberia,2020,-0.3808657300762492,-0.2307498,0.15011592927497203
Liberia,2021,-0.3778523789654334,-0.28304332,0.09480905401807621
Libya,2019,-0.38859094719973497,0.11486882,0.5034597669133275
Libya,2020,-0.3883723668598479,-0.26833463,0.12003773970835863
Libya,2021,-0.3891022656453798,-0.16644143,0.2226608399642656
Lithuania,2019,0.04453339222205014,0.068332106,0.02379871365296512
Lithuania,2020,0.14748583725205852,-0.22671917,0.37420500806085066
Lithuania,2021,0.09461447686760517,-0.1640371,0.25865157038776965
Luxembourg,2019,-0.30743232972298906,0.09846702,0.4058993519035463
Luxembourg,2020,-0.306973270300793,-0.31792843,0.010955163117480904
Luxembourg,2021,-0.30675337463380115,-0.14791639,0.1588369831419112
Madagascar,2019,-0.3724424984488441,0.1368081,0.5092505958113624
Madagascar,2020,-0.37184336267652396,-0.30208886,0.06975450597944144
Madagascar,2021,-0.3686730617410866,-0.11143723,0.25723583043882525
Malawi,2019,-0.26941130996770124,0.012733325,0.28214463532990675
Malawi,2020,-0.2912211763015377,-0.22968706,0.06153411141544457
Malawi,2021,-0.2739207952022647,-0.13443747,0.1394833235740756
Malaysia,2019,1.943614729815415,-0.0048557073,1.9484704371032033
Malaysia,2020,2.2325396338789125,-0.2901362,2.522675822147574
Malaysia,2021,3.2969003070336798,-0.14350933,3.4404096353990057
Maldives,2019,-0.3898524793074052,0.10301511,0.49286758920406504
Maldives,2020,-0.38973566833995876,-0.20087989,0.1888557815935522
Maldives,2021,-0.389850561905995,-0.22607076,0.16377980022539196
Mali,2019,-0.3825563598572282,0.06927681,0.451833169549611
Mali,2020,-0.38486650870455535,-0.18368834,0.2011781661332968
Mali,2021,-0.38339775185732133,-0.0727983,0.31059945504812486
Malta,2019,-0.3850551409790621,0.095371425,0.4804265661308871
Malta,2020,-0.3851930929647335,-0.2811857,0.10400740637644612
Malta,2021,-0.3854832979112686,-0.08309454,0.3023887606531204
Marshall Islands,2019,-0.34616362611485446,0.113190755,0.4593543813629242
Marshall Islands,2020,-0.34616362611485446,-0.261218,0.08494561473561252
Marshall Islands,2021,-0.34616362611485446,-0.15441737,0.191746260325441
Mauritania,2019,-0.38975425054238566,0.11559661,0.5053508578698469
Mauritania,2020,-0.38978585431210594,-0.20990106,0.17988478967778282
Mauritania,2021,-0.3897795872659266,-0.14188385,0.24789573716827035
Mauritius,2019,-0.3530111591569609,0.048072148,0.40108330727140373
Mauritius,2020,-0.3550595219912325,-0.22555402,0.1295055027785097
Mauritius,2021,-0.3576760069293407,-0.110541366,0.24713464088863407
Mexico,2019,3.2381690172997626,0.040019237,3.198149780794731
Mexico,2020,3.240127334106166,-0.2760026,3.516129919994075
Mexico,2021,3.588684306323801,-0.082587525,3.6712718315723287
Mongolia,2019,-0.3889123830404263,0.026195921,0.4151083040442448
Mongolia,2020,-0.38937113971503123,-0.12366647,0.26570466698201045
Mongolia,2021,-0.3747766823761144,-0.17134663,0.20343004774972584
Montenegro,2019,-0.3876150651412268,0.08195323,0.4695682926612158
Montenegro,2020,-0.38737941462642983,-0.24428402,0.14309539575226143
Montenegro,2021,-0.38602486374900824,-0.2344933,0.15153156343029028
Morocco,2019,0.21282803969473119,0.10187297,0.11095506655067677
Morocco,2020,0.2346978466307259,-0.24693614,0.4816339890753365
Morocco,2021,0.35087482128130376,-0.18373156,0.5346063772200245
Mozambique,2019,-0.27699184282010025,0.14620136,0.4231932000655455
Mozambique,2020,-0.3241102771689353,-0.28561574,0.038494534962361826
Mozambique,2021,-0.29328270780080234,-0.13711551,0.15616719948285496
Myanmar,2019,0.1186979074825217,-0.031051263,0.14974917069567933
Myanmar,2020,0.1998846924583072,-0.25280273,0.4526874220649356
Myanmar,2021,0.213175917202149,-0.29188555,0.5050614719926458
Namibia,2019,-0.3728647441060518,0.03318893,0.40605367575001466
Namibia,2020,-0.37617551992375287,-0.32313776,0.05303775976139935
Namibia,2021,-0.36999897988023267,-0.12611534,0.24388364286603437
Nepal,2019,-0.33676670863180524,0.021029677,0.3577963858738459
Nepal,2020,-0.3386943025442475,-0.24274445,0.09594985674346623
Nepal,2021,-0.22661794823037612,-0.05982801,0.16678993877398002
Netherlands (Kingdom of the),2019,5.939054048581564,0.056457717,5.882596331609928
Netherlands (Kingdom of the),2020,6.255720684234793,-0.15256533,6.408286014501746
Netherlands (Kingdom of the),2021,6.807479785352631,-0.117577255,6.925057040124817
New Caledonia,2019,-0.3894484412666218,0.100349635,0.4897980761524098
New Caledonia,2020,-0.38938055396780713,-0.13574377,0.2536367869447206
New Caledonia,2021,-0.3893565394131244,-0.12051685,0.26883968786874424
New Zealand,2019,0.43392389905352874,-0.07901421,0.5129381109466105
New Zealand,2020,0.5254833877863231,-0.26161206,0.7870954454721751
New Zealand,2021,0.5399816637549467,-0.23021683,0.7701984947238035
Nicaragua,2019,-0.2527031527593044,-0.027984463,0.22471869008087192
Nicaragua,2020,-0.2415963254339953,-0.3171219,0.07552556773350041
Nicaragua,2021,-0.21572488807138732,-0.15637828,0.05934660397466948
Niger,2019,-0.36518884405202234,0.09058546,0.4557743068010267
Niger,2020,-0.3821298346832244,-0.19576521,0.18636462250499414
Niger,2021,-0.38214627199593815,-0.049622267,0.33252400451127323
Nigeria,2019,-0.3237000473412608,0.08914378,0.412843830195341
Nigeria,2020,-0.33358721922145645,-0.15556642,0.17802079509006302
Nigeria,2021,-0.3113449420951929,-0.12551022,0.18583472633591558
North Macedonia,2019,-0.31672311108444484,0.066111244,0.38283435534570964
North Macedonia,2020,-0.317583458162529,-0.26504394,0.05253951404212187
North Macedonia,2021,-0.31198929672664033,-0.19264404,0.11934525196975099
Norway,2019,-0.3628830020885051,0.116296366,0.47917936794562943
Norway,2020,-0.3615004171262366,-0.19087964,0.17062077416282717
Norway,2021,-0.35613549890301943,-0.21140431,0.14473119022629977
Oman,2019,-0.20645093913390827,0.19374283,0.40019376571490956
Oman,2020,-0.2534108124251793,-0.24772649,0.00568432729200824
Oman,2021,-0.21763990342007347,-0.11690542,0.10073448240147301
Pakistan,2019,0.23857564474039322,0.016672213,0.2219034321098829
Pakistan,2020,0.1517089369489619,-0.3760174,0.5277263286306331
Pakistan,2021,0.21442622028193511,-0.1669935,0.3814197190841202
Palestine,2019,-0.38070028108337844,0.09962492,0.4803251979945036
Palestine,2020,-0.37998404698996613,-0.20844808,0.1715359647813327
Palestine,2021,-0.3746466086695647,-0.04407592,0.3305706874917006
Panama,2019,-0.33553011813641304,0.106751755,0.4422818730163645
Panama,2020,-0.33348247368625594,-0.23790395,0.09557852108768417
Panama,2021,-0.34225139174952984,-0.1313298,0.21092158709064007
Papua New Guinea,2019,-0.31080415108603393,0.20153011,0.5123342649022953
Papua New Guinea,2020,-0.3042290720610825,-0.12832437,0.17590469750454107
Papua New Guinea,2021,-0.23594805256990561,-0.16458431,0.07136374370721946
Paraguay,2019,-0.16745572210190438,-0.06326218,0.10419354260800026
Paraguay,2020,-0.16455071186773806,-0.41636562,0.25181491160638303
Paraguay,2021,-0.10729470259298893,0.008100234,0.11539493656506153
Peru,2019,0.5093195604840681,0.25131142,0.25800813908972
Peru,2020,0.5968921764524858,-0.21533455,0.8122267259987276
Peru,2021,0.9699373579456344,-0.21847977,1.1884171253873839
Philippines,2019,0.48985952516768966,0.10854873,0.3813107945558885
Philippines,2020,0.4101929230791021,-0.16360821,0.5738011313777853
Philippines,2021,0.48460961853075607,-0.082363814,0.5669734326462803
Poland,2019,1.9169540431663536,-0.010557935,1.9275119778081917
Poland,2020,2.326524187260769,-0.2777766,2.604300786191128
Poland,2021,2.6334302251834516,-0.026806526,2.6602367510695104
Portugal,2019,0.27965372072766875,0.15581273,0.12384099530290221
Portugal,2020,0.33255683026910376,-0.23484547,0.5674023046314771
Portugal,2021,0.42132192452741013,-0.0816093,0.5029312257964645
Qatar,2019,-0.3896588576841798,-0.028369457,0.3612894011545625
Qatar,2020,-0.38948166140059953,-0.3424344,0.047047255120081954
Qatar,2021,-0.3895221662915854,-0.08575998,0.30376218382488773
Republic of Korea,2019,0.0877425358699914,0.03412711,0.053615427117263886
Republic of Korea,2020,0.17892919864133638,-0.35227427,0.5312034675069217
Republic of Korea,2021,0.21190559857258381,-0.121619694,0.3335252925075013
Republic of Moldova,2019,-0.27742366522172884,0.11573545,0.39315911411861376
Republic of Moldova,2020,-0.2932181490150513,-0.22592422,0.06729392535362855
Republic of Moldova,2021,-0.2410714500538479,-0.1623484,0.07872304552713738
Romania,2019,0.420418308489938,0.06739086,0.3530274493628933
Romania,2020,0.4465222525816229,-0.30364543,0.7501676845770148
Romania,2021,0.7996333165560134,-0.028979257,0.8286125733051666
Russian Federation,2019,2.0442600192652396,0.10468674,1.9395732822046927
Russian Federation,2020,2.418634693713723,-0.29496133,2.713596026988564
Russian Federation,2021,2.7254916129778,-0.05645109,2.781942702657995
Rwanda,2019,-0.36215204454162353,0.16414572,0.5262977675268912
Rwanda,2020,-0.3589312805430235,-0.23702197,0.12190931277435435
Rwanda,2021,-0.3404615616745385,-0.19823167,0.14222989439434136
Saint Kitts and Nevis,2019,-0.38984058833987284,0.10728348,0.497124068805285
Saint Kitts and Nevis,2020,-0.38898833676658306,-0.26376408,0.12522425338111554
Saint Kitts and Nevis,2021,-0.3898517780276744,-0.11263496,0.27721682119097396
Saint Lucia,2019,-0.3876815772475937,0.034410365,0.4220919421734551
Saint Lucia,2020,-0.38827060261872226,-0.36703813,0.02123247185852939
Saint Lucia,2021,-0.38922975658999426,-0.14366966,0.24556009173022253
Saint Vincent and the Grenadines,2019,-0.387442950570037,0.029480372,0.41692332219426836
Saint Vincent and the Grenadines,2020,-0.3875451954443439,-0.2717817,0.11576348267388187
Saint Vincent and the Grenadines,2021,-0.38773964149886253,-0.067212336,0.32052730573350074
Samoa,2019,-0.38789281980688334,-0.06657834,0.3213144762962556
Samoa,2020,-0.3885821948866074,-0.28200984,0.10657235487501071
Samoa,2021,-0.3879292076727181,-0.16348588,0.22444332300627523
Sao Tome and Principe,2019,-0.389690577763709,0.20719239,0.5968829689208592
Sao Tome and Principe,2020,-0.3891576393770963,-0.22252232,0.1666353210139066
Sao Tome and Principe,2021,-0.3887662688428642,-0.14979924,0.23896702622716443
Saudi Arabia,2019,-0.12763836234319767,0.0996126,0.22725096344459614
Saudi Arabia,2020,-0.10833657507416199,-0.27025926,0.16192268605712462
Saudi Arabia,2021,-0.03122080958869125,-0.07750504,0.04628422759983872
Senegal,2019,-0.28348638756494615,0.03124059,0.31472697748165224
Senegal,2020,-0.29698698877981844,-0.24912654,0.04786045014551821
Senegal,2021,-0.2562908143399713,-0.09010941,0.1661814064382074
Serbia,2019,0.0073266933588095875,0.09624327,0.0889165763827256
Serbia,2020,0.07906711207833521,-0.27021158,0.34927868949380153
Serbia,2021,0.18046802359630396,-0.084598124,0.2650661476235562
Seychelles,2019,-0.3864338757445649,0.05967222,0.4461060972859696
Seychelles,2020,-0.38931280179362354,-0.25161946,0.13769334359507618
Seychelles,2021,-0.3895756705141659,-0.25808018,0.13149548605447964
Sierra Leone,2019,-0.3884343223584033,0.040610008,0.4290443303001262
Sierra Leone,2020,-0.388965232165112,-0.22865434,0.16031089225555845
Sierra Leone,2021,-0.38592267874004416,-0.107443154,0.27847952488185934
Singapore,2019,0.1858998182492604,0.09688924,0.08901057571939133
Singapore,2020,0.043134412708027106,-0.2600671,0.303201518001301
Singapore,2021,0.03327072685705855,-0.16134304,0.19461376493918137
Slovakia,2019,-0.1961599532803554,0.12232052,0.3184804711779613
Slovakia,2020,-0.14795367670877663,-0.3108335,0.16287983702794823
Slovakia,2021,-0.11006425295018568,-0.17098925,0.060924992226129626
Slovenia,2019,-0.26086843830778944,-0.02966702,0.23120141846373427
Slovenia,2020,-0.2554591957847113,-0.25909764,0.0036384399612908735
Slovenia,2021,-0.2195334117167239,-0.15664506,0.0628883521311526
Solomon Islands,2019,-0.38361931862259846,0.050103314,0.43372263284350376
Solomon Islands,2020,-0.3826745169396699,-0.29202625,0.09064826538518078
Solomon Islands,2021,-0.38018006493734474,-0.1708774,0.20930266787695045
Somalia,2019,-0.3882624917199826,-0.023036778,0.36522571374680757
Somalia,2020,-0.388101797745774,-0.30195484,0.08614696209246897
Somalia,2021,-0.38785582131455126,-0.1865752,0.20128061718056384
South Africa,2019,0.6642409471679148,0.13821296,0.5260279832292017
South Africa,2020,0.7591523836803598,-0.21968466,0.9788370441150827
South Africa,2021,0.9367167638599432,-0.13986968,1.0765864389001882
South Sudan,2019,-0.38966560878441714,0.008231256,0.39789686494157694
South Sudan,2020,-0.3891341567687459,-0.14914927,0.23998488790316058
South Sudan,2021,-0.3892830675330392,-0.08220373,0.3070793365922204
Spain,2019,4.6282648223198235,0.1434871,4.484777726486999
Spain,2020,4.966363857926148,-0.2764998,5.2428636657607735
Spain,2021,5.563158347999767,-0.2049658,5.768124148046688
Sri Lanka,2019,-0.2874166927116257,0.06333043,0.3507471195237976
Sri Lanka,2020,-0.2698607584367091,-0.24551804,0.024342714799433396
Sri Lanka,2021,-0.24330825530396744,-0.10812116,0.13518709861146255
Sudan,2019,-0.3388785834635468,0.12476814,0.46364672139537055
Sudan,2020,-0.32372131322148656,-0.29984242,0.02387889598134374
Sudan,2021,-0.28477891965759283,-0.13996567,0.144813251336937
Suriname,2019,-0.3746360142143151,0.07892759,0.4535636056573769
Suriname,2020,-0.37557643204370705,-0.30231017,0.07326626330057351
Suriname,2021,-0.3738707435633387,-0.054301657,0.3195690867807116
Sweden,2019,0.03394802282102975,0.16846196,0.1345139407133254
Sweden,2020,0.1032378349153481,-0.19826147,0.30149930451793294
Sweden,2021,0.14845384103144507,-0.026727758,0.1751815993794332
Switzerland,2019,-0.09449128974030446,-0.0040308833,0.09046040642807912
Switzerland,2020,-0.11679259409463787,-0.35744327,0.24065067897283648
Switzerland,2021,-0.12173464577151986,-0.22323911,0.10150446314857749
Tajikistan,2019,-0.3860542011878913,0.11813442,0.5041886178276962
Tajikistan,2020,-0.38559636130825137,-0.24187723,0.14371913328662966
Tajikistan,2021,-0.3829116025122574,-0.13314232,0.2497692802103928
Thailand,2019,2.6304148865432526,0.08099149,2.5494233948678757
Thailand,2020,2.4520159646692385,-0.30885246,2.760868428629886
Thailand,2021,3.0803239321321443,-0.2972046,3.377528545817752
Timor-Leste,2019,-0.3893675751614729,0.056759287,0.4461268618333498
Timor-Leste,2020,-0.38940864962843524,-0.15400682,0.2354018257310735
Timor-Leste,2021,-0.3894236809608107,-0.12733656,0.2620871192809706
Togo,2019,-0.37552107370593596,0.06596611,0.4414871806571727
Togo,2020,-0.3700178237797298,-0.25232992,0.11768790801778217
Togo,2021,-0.3707778758832462,-0.1597169,0.21106097171988558
Tonga,2019,-0.38891106771332157,0.18627962,0.5751906924138679
Tonga,2020,-0.3890397097829574,-0.27459943,0.11444027683770591
Tonga,2021,-0.38892773251433815,-0.20955649,0.17937124233146157
Trinidad and Tobago,2019,-0.3549628189372369,0.012922466,0.3678852847384759
Trinidad and Tobago,2020,-0.35697475456559125,-0.21263719,0.1443375685151762
Trinidad and Tobago,2021,-0.3556173643604792,-0.13476652,0.22085084529080756
Tunisia,2019,-0.18758644424840112,0.04078477,0.22837121300860544
Tunisia,2020,-0.13736770010213564,-0.2752427,0.13787498616953184
Tunisia,2021,-0.16577761957153056,0.052929655,0.21870727428897593
Turkmenistan,2019,-0.38325965277395035,0.022104077,0.4053637298150995
Turkmenistan,2020,-0.3812109358789367,-0.26677978,0.11443115549105826
Turkmenistan,2021,-0.3747994346272817,-0.07615917,0.29864026286719947
Tuvalu,2019,-0.38985433855391083,0.12272926,0.512583595303064
Tuvalu,2020,-0.3898540443585116,-0.18195517,0.2078988707468707
Tuvalu,2021,-0.3898536492472487,-0.13305256,0.2568010915404158
Türkiye,2019,1.992169908446994,0.067710705,1.924459203345504
Türkiye,2020,2.1681431721498323,-0.20495754,2.3731007169534517
Türkiye,2021,2.6042850977278316,-0.21833289,2.8226179844236934
Uganda,2019,-0.3039359576588838,0.13803896,0.44197492073833633
Uganda,2020,-0.3091981384015442,-0.21361819,0.09557994930509339
Uganda,2021,-0.29091712193553915,0.0331524,0.3240695233828353
Ukraine,2019,2.3778747130810065,0.18424346,2.1936312575517936
Ukraine,2020,2.510889805757598,-0.17570585,2.6865956558819573
Ukraine,2021,3.153865025105912,-0.21030024,3.364165262046296
United Arab Emirates,2019,1.0425433149236902,0.03602528,1.0065180366534456
United Arab Emirates,2020,1.105106607490418,-0.24572664,1.3508332524832463
United Arab Emirates,2021,1.3115293806585346,-0.10838658,1.419915964284805
United Kingdom of Great Britain and Northern Ireland,2019,0.6235588633193411,0.0360908,0.5874680646433271
United Kingdom of Great Britain and Northern Ireland,2020,0.6056463796144822,-0.38092053,0.9865669089800218
United Kingdom of Great Britain and Northern Ireland,2021,0.5069694079041968,-0.10687154,0.613840945768405
United Republic of Tanzania,2019,-0.2513682154786453,0.06318723,0.31455544213174436
United Republic of Tanzania,2020,-0.21751611215364838,-0.16196859,0.055547523324607856
United Republic of Tanzania,2021,-0.19846082299953768,-0.11435024,0.08411058604723284
United States of America,2019,8.71142630923307,0.10949225,8.601934059446217
United States of America,2020,8.886808221368602,-0.19442385,9.081232075719646
United States of America,2021,11.179577497720931,-0.075188935,11.25476643252394
Uruguay,2019,-0.22388994100025442,0.07231095,0.2962008878820255
Uruguay,2020,-0.2122334677263567,-0.23056884,0.01833537337338237
Uruguay,2021,-0.1860523041841228,-0.12546758,0.060584720647021056
Uzbekistan,2019,-0.2027161456448505,0.048982047,0.25169819218940237
Uzbekistan,2020,-0.1671800404875495,-0.2507466,0.08356656729290704
Uzbekistan,2021,-0.16949543695978878,-0.17077461,0.0012791718906903504
Vanuatu,2019,-0.38963034809746666,0.04058206,0.43021240891137047
Vanuatu,2020,-0.3895480708806645,-0.2366075,0.15294056400944106
Vanuatu,2021,-0.3893002608595115,-0.25306547,0.1362347939787132
Venezuela (Bolivarian Republic of),2019,-0.3894922165157667,0.07829193,0.4677841467740408
Venezuela (Bolivarian Republic of),2020,-0.38921712500264866,-0.29628766,0.09292946917226536
Venezuela (Bolivarian Republic of),2021,-0.382338155813782,-0.1549805,0.22735766024169185
Viet Nam,2019,1.5910806035442084,0.046298422,1.5447821816248626
Viet Nam,2020,1.5901332772542491,-0.30568647,1.8958197511006847
Viet Nam,2021,1.7862242193005922,-0.16482109,1.9510453076146486
Yemen,2019,-0.3682179311958212,0.01464469,0.38286262105378094
Zambia,2019,-0.3332444148742373,0.18508992,0.5183343308650668
Zambia,2020,-0.3248785239826715,-0.28124982,0.0436287027966058
Zambia,2021,-0.30928721118998137,-0.083537236,0.22574997533392516
Zimbabwe,2019,-0.2274147798901135,0.18730155,0.41471632622533383
Zimbabwe,2020,-0.22997970708450372,-0.3124508,0.0824710892812342
Zimbabwe,2021,-0.23257167459904915,-0.11686336,0.11570831210791832
